Operation,Result
Operation,Result
Operation,Result
Operation,Result
Operation,Result
Operation,Result
Operation,Result
Operation,Result
Operation,Result
Operation,Result
Operation,Result
Operation,Result
Operation,Result
Operation,Result
Operation,Result
Operation,Result
Operation,Result
Operation,Result
Operation,Result
Operation,Result
Operation,Result
Operation,Result
Operation,Result
Operation,Result
Operation,Result
Operation,Result
Operation,Result
Operation,Result
Operation,Result
Operation,Result
Operation,Result
Operation,Result
Operation,Result
Operation,Result
